{
  "comparison": [
    {
      "dataset": "ProteinGym BLAT_ECOLX_Firnberg_2014",
      "metrics": {
        "n_catalytic": 57,
        "n_non_catalytic": 4726,
        "n_variants": 4783,
        "residue_group_breakdown": {
          "active_site_neighborhood": {
            "mean_fitness": 0.26227310195227765,
            "mean_model_score": 0.6956616052060737,
            "n": 461,
            "outside_n": 4322,
            "outside_spearman": 0.0277853992980867,
            "spearman": 0.29159110867832605
          },
          "structure_ligand_contact_5a": {
            "mean_fitness": 0.2742036101083033,
            "mean_model_score": 0.6873285198555956,
            "n": 277,
            "outside_n": 4506,
            "outside_spearman": 0.03606984259146167,
            "spearman": 0.17773666654110373
          },
          "uniprot_active_site": {
            "mean_fitness": 0.0036385964912280704,
            "mean_model_score": 0.6599999999999999,
            "n": 57,
            "outside_n": 4726,
            "outside_spearman": 0.034220547632551016,
            "spearman": 0.1230754021841079
          },
          "uniprot_substrate_binding_site": {
            "mean_fitness": 0.0859490909090909,
            "mean_model_score": 0.6656363636363636,
            "n": 55,
            "outside_n": 4728,
            "outside_spearman": 0.03677537779322886,
            "spearman": -0.03497153434193404
          }
        },
        "spearman_catalytic": 0.1230754021841079,
        "spearman_non_catalytic": 0.034220547632551016,
        "spearman_overall": 0.04295984731220715,
        "top_5_enrichment_fitness_ge_0_7": 0.5247394404827208
      },
      "path": "results/proteingym_blat_placeholder/metrics.json",
      "scorer": "PlaceholderConservationScorer"
    },
    {
      "dataset": "ProteinGym BLAT_ECOLX_Firnberg_2014",
      "metrics": {
        "n_catalytic": 57,
        "n_non_catalytic": 4726,
        "n_variants": 4783,
        "residue_group_breakdown": {
          "active_site_neighborhood": {
            "mean_fitness": 0.26227310195227765,
            "mean_model_score": -2.949223910672451,
            "n": 461,
            "outside_n": 4322,
            "outside_spearman": 0.37522190050848253,
            "spearman": 0.6452980728256481
          },
          "structure_ligand_contact_5a": {
            "mean_fitness": 0.2742036101083033,
            "mean_model_score": -2.799739834368231,
            "n": 277,
            "outside_n": 4506,
            "outside_spearman": 0.3996521607091182,
            "spearman": 0.6076010303391136
          },
          "uniprot_active_site": {
            "mean_fitness": 0.0036385964912280704,
            "mean_model_score": -5.605373578947368,
            "n": 57,
            "outside_n": 4726,
            "outside_spearman": 0.4042061337564988,
            "spearman": 0.3022910420214368
          },
          "uniprot_substrate_binding_site": {
            "mean_fitness": 0.0859490909090909,
            "mean_model_score": -4.866820181818182,
            "n": 55,
            "outside_n": 4728,
            "outside_spearman": 0.39915196344522225,
            "spearman": 0.4382802761547867
          }
        },
        "spearman_catalytic": 0.3022910420214368,
        "spearman_non_catalytic": 0.4042061337564988,
        "spearman_overall": 0.4113191200304927,
        "top_5_enrichment_fitness_ge_0_7": 2.623697202413604
      },
      "path": "results/proteingym_blat_esm2_t6_8M_bootstrap/metrics.json",
      "scorer": "ESM2MaskedMarginalScorer"
    }
  ]
}
