{
  "comparison": [
    {
      "dataset": "ProteinGym A4GRB6_PSEAI_Chen_2020",
      "metrics": {
        "matched_position_null": {
          "catalytic": {
            "direction": "inside_position_matched_null_interval",
            "iterations": 1000,
            "n_positions": 6,
            "n_variants": 113,
            "null_ci_high": 0.3826726535832469,
            "null_ci_low": -0.353949297888235,
            "null_mean": 0.020402813248966412,
            "observed_spearman": 0.12141231129573832,
            "percentile_rank": 0.683,
            "two_sided_empirical_p": 0.634
          },
          "residue_groups": {
            "active_site_neighborhood": {
              "direction": "higher_than_position_matched_null",
              "iterations": 1000,
              "n_positions": 24,
              "n_variants": 448,
              "null_ci_high": 0.18832479870490806,
              "null_ci_low": -0.16377004683713048,
              "null_mean": -0.0009119238412993758,
              "observed_spearman": 0.2003427362415792,
              "percentile_rank": 0.985,
              "two_sided_empirical_p": 0.03
            },
            "curated_metal_binding_site": {
              "direction": "inside_position_matched_null_interval",
              "iterations": 1000,
              "n_positions": 6,
              "n_variants": 113,
              "null_ci_high": 0.40796648037734695,
              "null_ci_low": -0.3536450065390957,
              "null_mean": 0.014140248308268124,
              "observed_spearman": 0.12141231129573832,
              "percentile_rank": 0.697,
              "two_sided_empirical_p": 0.606
            },
            "structure_metal_site_shell_5a": {
              "direction": "higher_than_position_matched_null",
              "iterations": 1000,
              "n_positions": 43,
              "n_variants": 802,
              "null_ci_high": 0.09780184004698049,
              "null_ci_low": -0.14907801712656324,
              "null_mean": -0.02604044416858584,
              "observed_spearman": 0.17203743387124001,
              "percentile_rank": 1.0,
              "two_sided_empirical_p": 0.0
            }
          }
        },
        "n_catalytic": 113,
        "n_non_catalytic": 4891,
        "n_variants": 5004,
        "residue_group_breakdown": {
          "active_site_neighborhood": {
            "mean_fitness": -3.445058462388393,
            "mean_model_score": 0.6899776785714286,
            "n": 448,
            "outside_n": 4556,
            "outside_spearman": -0.000618984922275493,
            "spearman": 0.2003427362415792
          },
          "curated_metal_binding_site": {
            "mean_fitness": -4.78489353982301,
            "mean_model_score": 0.6511504424778761,
            "n": 113,
            "outside_n": 4891,
            "outside_spearman": 0.004523353823228788,
            "spearman": 0.12141231129573832
          },
          "structure_metal_site_shell_5a": {
            "mean_fitness": -3.265542302306733,
            "mean_model_score": 0.6875436408977555,
            "n": 802,
            "outside_n": 4202,
            "outside_spearman": -0.023553643846794394,
            "spearman": 0.17203743387124001
          }
        },
        "spearman_catalytic": 0.12141231129573832,
        "spearman_non_catalytic": 0.004523353823228788,
        "spearman_overall": 0.019419140595075473,
        "top_5_enrichment_fitness_ge_0_7": 0.0
      },
      "path": "results/proteingym_vim2_placeholder/metrics.json",
      "scorer": "PlaceholderConservationScorer"
    },
    {
      "dataset": "ProteinGym A4GRB6_PSEAI_Chen_2020",
      "metrics": {
        "matched_position_null": {
          "catalytic": {
            "direction": "inside_position_matched_null_interval",
            "iterations": 1000,
            "n_positions": 6,
            "n_variants": 113,
            "null_ci_high": 0.7246336755678219,
            "null_ci_low": -0.08194228838737862,
            "null_mean": 0.38551288843223125,
            "observed_spearman": 0.37022589659990685,
            "percentile_rank": 0.434,
            "two_sided_empirical_p": 0.868
          },
          "residue_groups": {
            "active_site_neighborhood": {
              "direction": "higher_than_position_matched_null",
              "iterations": 1000,
              "n_positions": 24,
              "n_variants": 448,
              "null_ci_high": 0.5735656489970645,
              "null_ci_low": 0.17871075565039451,
              "null_mean": 0.3826774229643293,
              "observed_spearman": 0.6128285175652847,
              "percentile_rank": 0.994,
              "two_sided_empirical_p": 0.012
            },
            "curated_metal_binding_site": {
              "direction": "inside_position_matched_null_interval",
              "iterations": 1000,
              "n_positions": 6,
              "n_variants": 113,
              "null_ci_high": 0.7427048864948057,
              "null_ci_low": -0.06999314911461031,
              "null_mean": 0.38297202090494614,
              "observed_spearman": 0.37022589659990685,
              "percentile_rank": 0.448,
              "two_sided_empirical_p": 0.896
            },
            "structure_metal_site_shell_5a": {
              "direction": "higher_than_position_matched_null",
              "iterations": 1000,
              "n_positions": 43,
              "n_variants": 802,
              "null_ci_high": 0.5188437675089079,
              "null_ci_low": 0.23228314890508162,
              "null_mean": 0.3820684841453046,
              "observed_spearman": 0.5733762534290499,
              "percentile_rank": 1.0,
              "two_sided_empirical_p": 0.0
            }
          }
        },
        "n_catalytic": 113,
        "n_non_catalytic": 4891,
        "n_variants": 5004,
        "residue_group_breakdown": {
          "active_site_neighborhood": {
            "mean_fitness": -3.445058462388393,
            "mean_model_score": -3.1846515171875,
            "n": 448,
            "outside_n": 4556,
            "outside_spearman": 0.39356269193722837,
            "spearman": 0.6128285175652847
          },
          "curated_metal_binding_site": {
            "mean_fitness": -4.78489353982301,
            "mean_model_score": -5.983989924778761,
            "n": 113,
            "outside_n": 4891,
            "outside_spearman": 0.4122999791181213,
            "spearman": 0.37022589659990685
          },
          "structure_metal_site_shell_5a": {
            "mean_fitness": -3.265542302306733,
            "mean_model_score": -2.6515676497506235,
            "n": 802,
            "outside_n": 4202,
            "outside_spearman": 0.384289002825258,
            "spearman": 0.5733762534290499
          }
        },
        "spearman_catalytic": 0.37022589659990685,
        "spearman_non_catalytic": 0.4122999791181213,
        "spearman_overall": 0.4305243928017499,
        "top_5_enrichment_fitness_ge_0_7": 0.0
      },
      "path": "results/proteingym_vim2_esm2_t6_8M/metrics.json",
      "scorer": "ESM2MaskedMarginalScorer"
    }
  ]
}
