{
  "comparison": [
    {
      "dataset": "ProteinGym A4GRB6_PSEAI_Chen_2020",
      "metrics": {
        "matched_position_null": {
          "catalytic": {
            "direction": "inside_position_matched_null_interval",
            "iterations": 1000,
            "n_positions": 6,
            "n_variants": 113,
            "null_ci_high": 0.3826726535832469,
            "null_ci_low": -0.353949297888235,
            "null_mean": 0.020403063093351256,
            "observed_spearman": 0.12141231129573832,
            "percentile_rank": 0.683,
            "two_sided_empirical_p": 0.634
          },
          "residue_groups": {
            "active_site_neighborhood": {
              "direction": "higher_than_position_matched_null",
              "iterations": 1000,
              "n_positions": 24,
              "n_variants": 448,
              "null_ci_high": 0.18832479870490806,
              "null_ci_low": -0.16377004683713048,
              "null_mean": -0.0009118279222748579,
              "observed_spearman": 0.20034058020137857,
              "percentile_rank": 0.985,
              "two_sided_empirical_p": 0.03
            },
            "curated_metal_binding_site": {
              "direction": "inside_position_matched_null_interval",
              "iterations": 1000,
              "n_positions": 6,
              "n_variants": 113,
              "null_ci_high": 0.40796648037734695,
              "null_ci_low": -0.3536450065390957,
              "null_mean": 0.014140400777295658,
              "observed_spearman": 0.12141231129573832,
              "percentile_rank": 0.697,
              "two_sided_empirical_p": 0.606
            }
          }
        },
        "n_catalytic": 113,
        "n_non_catalytic": 4891,
        "n_variants": 5004,
        "residue_group_breakdown": {
          "active_site_neighborhood": {
            "mean_fitness": -3.4450585024463556,
            "mean_model_score": 0.6899776785714286,
            "n": 448,
            "outside_n": 4556,
            "outside_spearman": -0.0006189616941008131,
            "spearman": 0.20034058020137857
          },
          "curated_metal_binding_site": {
            "mean_fitness": -4.784893590810795,
            "mean_model_score": 0.6511504424778761,
            "n": 113,
            "outside_n": 4891,
            "outside_spearman": 0.004523629842935126,
            "spearman": 0.12141231129573832
          }
        },
        "spearman_catalytic": 0.12141231129573832,
        "spearman_non_catalytic": 0.004523629842935126,
        "spearman_overall": 0.019419204192048563,
        "top_5_enrichment_fitness_ge_0_7": 0.0
      },
      "path": "results/proteingym_vim2_placeholder/metrics.json",
      "scorer": "PlaceholderConservationScorer"
    },
    {
      "dataset": "ProteinGym A4GRB6_PSEAI_Chen_2020",
      "metrics": {
        "matched_position_null": {
          "catalytic": {
            "direction": "inside_position_matched_null_interval",
            "iterations": 1000,
            "n_positions": 6,
            "n_variants": 113,
            "null_ci_high": 0.7246336755678219,
            "null_ci_low": -0.08194228838737862,
            "null_mean": 0.38551305834940697,
            "observed_spearman": 0.37022589659990685,
            "percentile_rank": 0.434,
            "two_sided_empirical_p": 0.868
          },
          "residue_groups": {
            "active_site_neighborhood": {
              "direction": "higher_than_position_matched_null",
              "iterations": 1000,
              "n_positions": 24,
              "n_variants": 448,
              "null_ci_high": 0.5735656489970645,
              "null_ci_low": 0.17871075565039451,
              "null_mean": 0.38267729667788375,
              "observed_spearman": 0.6128405084698713,
              "percentile_rank": 0.994,
              "two_sided_empirical_p": 0.012
            },
            "curated_metal_binding_site": {
              "direction": "inside_position_matched_null_interval",
              "iterations": 1000,
              "n_positions": 6,
              "n_variants": 113,
              "null_ci_high": 0.7427048864948057,
              "null_ci_low": -0.06999314911461031,
              "null_mean": 0.3829722687563528,
              "observed_spearman": 0.37022589659990685,
              "percentile_rank": 0.448,
              "two_sided_empirical_p": 0.896
            }
          }
        },
        "n_catalytic": 113,
        "n_non_catalytic": 4891,
        "n_variants": 5004,
        "residue_group_breakdown": {
          "active_site_neighborhood": {
            "mean_fitness": -3.4450585024463556,
            "mean_model_score": -3.1846515954072987,
            "n": 448,
            "outside_n": 4556,
            "outside_spearman": 0.3935624995988149,
            "spearman": 0.6128405084698713
          },
          "curated_metal_binding_site": {
            "mean_fitness": -4.784893590810795,
            "mean_model_score": -5.983990321117165,
            "n": 113,
            "outside_n": 4891,
            "outside_spearman": 0.41229982510533963,
            "spearman": 0.37022589659990685
          }
        },
        "spearman_catalytic": 0.37022589659990685,
        "spearman_non_catalytic": 0.41229982510533963,
        "spearman_overall": 0.4305245907539733,
        "top_5_enrichment_fitness_ge_0_7": 0.0
      },
      "path": "results/proteingym_vim2_esm2_t6_8M/metrics.json",
      "scorer": "ESM2MaskedMarginalScorer"
    }
  ]
}
