{
  "comparison": [
    {
      "dataset": "ProteinGym BLAT_ECOLX_Firnberg_2014",
      "metrics": {
        "n_catalytic": 81,
        "n_non_catalytic": 4702,
        "n_variants": 4783,
        "residue_group_breakdown": {
          "active_site_neighborhood": {
            "mean_fitness": 0.24452645833333334,
            "mean_model_score": 0.6962708333333333,
            "n": 480,
            "outside_n": 4303,
            "outside_spearman": 0.024905108025695268,
            "spearman": 0.3075885070368828
          }
        },
        "spearman_catalytic": 0.3921856320035172,
        "spearman_non_catalytic": 0.03615559035989312,
        "spearman_overall": 0.04295984731220715,
        "top_5_enrichment_fitness_ge_0_7": 0.5247394404827208
      },
      "path": "results/proteingym_blat_placeholder/metrics.json",
      "scorer": "PlaceholderConservationScorer"
    },
    {
      "dataset": "ProteinGym BLAT_ECOLX_Firnberg_2014",
      "metrics": {
        "n_catalytic": 81,
        "n_non_catalytic": 4702,
        "n_variants": 4783,
        "residue_group_breakdown": {
          "active_site_neighborhood": {
            "mean_fitness": 0.24452645833333334,
            "mean_model_score": -3.0379697165,
            "n": 480,
            "outside_n": 4303,
            "outside_spearman": 0.37847102477292605,
            "spearman": 0.5948628787192081
          }
        },
        "spearman_catalytic": 0.6230337482909463,
        "spearman_non_catalytic": 0.3888848635691467,
        "spearman_overall": 0.4113191200304927,
        "top_5_enrichment_fitness_ge_0_7": 2.623697202413604
      },
      "path": "results/proteingym_blat_esm2_t6_8M_bootstrap/metrics.json",
      "scorer": "ESM2MaskedMarginalScorer"
    }
  ]
}
